"counterbalance_group","counterbalance_remaining","consent_started","consent_stopped","key_resp_7_keys","key_resp_7_rt","key_resp_7_duration","age","gender","date","exp_name","psychopy_version","os","frame_rate","instructions_started","instructions_stopped","key_resp_2_keys","key_resp_2_rt","key_resp_2_duration","instructions_2_started","instructions_2_stopped","key_resp_4_keys","key_resp_4_rt","key_resp_4_duration","trial_started","key_resp_actual","trial_stopped","correct","approach","friendly","block","key_resp_keys","feedback_started","feedback_stopped","cue_started","cue_stopped","intertrial_interval_started","intertrial_interval_stopped","trials_this_rep_n","trials_this_trial_n","trials_this_n","trials_this_index","trials_ran","alien_stim","category","verification_trial_started","verification_trial_stopped","verification_correct","verification_prompt","key_resp_6_keys","key_resp_6_rt","key_resp_6_duration","block_feedback_started","block_feedback_stopped","key_resp_3_keys","key_resp_3_rt","key_resp_3_duration"
"B",NA,0.8055,3.0657,"space",2.2399,NA,36,"female","2025-11-21_18h52.19.047","Category_Training_LabelWritten","2024.2.4","Win32",142.8571429,NA,NA,NA,NA,NA,NA,NA,NA,NA,NA,NA,NA,NA,NA,NA,NA,NA,NA,NA,NA,NA,NA,NA,NA,NA,NA,NA,NA,NA,NA,NA,NA,NA,NA,NA,NA,NA,NA,NA,NA,NA,NA,NA
NA,NA,NA,NA,NA,NA,NA,36,"female","2025-11-21_18h52.19.047","Category_Training_LabelWritten","2024.2.4","Win32",142.8571429,3.0658,21.8078,"space",18.7301,NA,NA,NA,NA,NA,NA,NA,NA,NA,NA,NA,NA,NA,NA,NA,NA,NA,NA,NA,NA,NA,NA,NA,NA,NA,NA,NA,NA,NA,NA,NA,NA,NA,NA,NA,NA,NA,NA,NA
NA,NA,NA,NA,NA,NA,NA,36,"female","2025-11-21_18h52.19.047","Category_Training_LabelWritten","2024.2.4","Win32",142.8571429,NA,NA,NA,NA,NA,21.8081,23.1391,"space",1.3188,NA,NA,NA,NA,NA,NA,NA,NA,NA,NA,NA,NA,NA,NA,NA,NA,NA,NA,NA,NA,NA,NA,NA,NA,NA,NA,NA,NA,NA,NA,NA,NA,NA,NA
NA,NA,NA,NA,NA,NA,NA,36,"female","2025-11-21_18h52.19.047","Category_Training_LabelWritten","2024.2.4","Win32",142.8571429,NA,NA,NA,NA,NA,NA,NA,NA,NA,NA,23.155,"[""up""]",24.7054,0,FALSE,1,1,NA,24.7063,25.9061,25.9064,27.7019,27.702,28.7018,0,0,0,13,1,"resources/F8Mbh0.png",2,NA,NA,NA,NA,NA,NA,NA,NA,NA,NA,NA,NA
NA,NA,NA,NA,NA,NA,NA,36,"female","2025-11-21_18h52.19.047","Category_Training_LabelWritten","2024.2.4","Win32",142.8571429,NA,NA,NA,NA,NA,NA,NA,NA,NA,NA,28.7022,"[""right""]",31.0561,0,FALSE,1,1,NA,31.0589,32.261,32.2615,34.0542,34.0543,35.0576,0,1,1,14,1,"resources/F8Mch0.png",2,NA,NA,NA,NA,NA,NA,NA,NA,NA,NA,NA,NA
NA,NA,NA,NA,NA,NA,NA,36,"female","2025-11-21_18h52.19.047","Category_Training_LabelWritten","2024.2.4","Win32",142.8571429,NA,NA,NA,NA,NA,NA,NA,NA,NA,NA,35.0589,"[""left""]",37.1168,1,TRUE,1,1,NA,37.1172,38.3168,38.3171,40.1131,40.1131,41.1121,0,2,2,8,1,"resources/F8Fah0.png",2,NA,NA,NA,NA,NA,NA,NA,NA,NA,NA,NA,NA
NA,NA,NA,NA,NA,NA,NA,36,"female","2025-11-21_18h52.19.047","Category_Training_LabelWritten","2024.2.4","Win32",142.8571429,NA,NA,NA,NA,NA,NA,NA,NA,NA,NA,41.1124,"[""down""]",43.7346,1,TRUE,1,1,NA,43.735,44.9349,44.9352,46.734,46.7342,47.732,0,3,3,11,1,"resources/F8Fdh0.png",2,NA,NA,NA,NA,NA,NA,NA,NA,NA,NA,NA,NA
NA,NA,NA,NA,NA,NA,NA,36,"female","2025-11-21_18h52.19.047","Category_Training_LabelWritten","2024.2.4","Win32",142.8571429,NA,NA,NA,NA,NA,NA,NA,NA,NA,NA,47.7342,"[""left""]",49.619,0,TRUE,0,1,NA,49.6211,50.8202,50.823,52.618,52.618,53.6152,0,4,4,3,1,"resources/F7Fdh0.png",1,NA,NA,NA,NA,NA,NA,NA,NA,NA,NA,NA,NA
NA,NA,NA,NA,NA,NA,NA,36,"female","2025-11-21_18h52.19.047","Category_Training_LabelWritten","2024.2.4","Win32",142.8571429,NA,NA,NA,NA,NA,NA,NA,NA,NA,NA,53.617,"[""right""]",55.9663,0,TRUE,0,1,NA,55.9683,57.1677,57.1693,58.9662,58.9663,59.9628,0,5,5,0,1,"resources/F7Fah0.png",1,NA,NA,NA,NA,NA,NA,NA,NA,NA,NA,NA,NA
NA,NA,NA,NA,NA,NA,NA,36,"female","2025-11-21_18h52.19.047","Category_Training_LabelWritten","2024.2.4","Win32",142.8571429,NA,NA,NA,NA,NA,NA,NA,NA,NA,NA,59.9653,"[""left""]",62.0877,1,TRUE,1,1,NA,62.0882,63.2908,63.2918,65.0875,65.0876,66.0863,0,6,6,10,1,"resources/F8Fch0.png",2,NA,NA,NA,NA,NA,NA,NA,NA,NA,NA,NA,NA
NA,NA,NA,NA,NA,NA,NA,36,"female","2025-11-21_18h52.19.047","Category_Training_LabelWritten","2024.2.4","Win32",142.8571429,NA,NA,NA,NA,NA,NA,NA,NA,NA,NA,66.0867,"[""down""]",67.9395,0,TRUE,0,1,NA,67.9413,69.1402,69.1428,70.9358,70.9358,71.9374,0,7,7,4,1,"resources/F7Mah0.png",1,NA,NA,NA,NA,NA,NA,NA,NA,NA,NA,NA,NA
NA,NA,NA,NA,NA,NA,NA,36,"female","2025-11-21_18h52.19.047","Category_Training_LabelWritten","2024.2.4","Win32",142.8571429,NA,NA,NA,NA,NA,NA,NA,NA,NA,NA,71.9394,"[""up""]",73.7179,1,TRUE,1,1,NA,73.7192,74.9197,74.9221,76.7148,76.7148,77.7195,0,8,8,15,1,"resources/F8Mdh0.png",2,NA,NA,NA,NA,NA,NA,NA,NA,NA,NA,NA,NA
NA,NA,NA,NA,NA,NA,NA,36,"female","2025-11-21_18h52.19.047","Category_Training_LabelWritten","2024.2.4","Win32",142.8571429,NA,NA,NA,NA,NA,NA,NA,NA,NA,NA,77.7199,"[""left""]",80.5554,1,TRUE,1,1,NA,80.5557,81.7525,81.7541,83.5472,83.5472,84.5553,0,9,9,12,1,"resources/F8Mah0.png",2,NA,NA,NA,NA,NA,NA,NA,NA,NA,NA,NA,NA
NA,NA,NA,NA,NA,NA,NA,36,"female","2025-11-21_18h52.19.047","Category_Training_LabelWritten","2024.2.4","Win32",142.8571429,NA,NA,NA,NA,NA,NA,NA,NA,NA,NA,84.5576,"[""right""]",86.6503,0,TRUE,0,1,NA,86.6522,87.8513,87.8537,89.6473,89.6474,90.653,0,10,10,7,1,"resources/F7Mdh0.png",1,NA,NA,NA,NA,NA,NA,NA,NA,NA,NA,NA,NA
NA,NA,NA,NA,NA,NA,NA,36,"female","2025-11-21_18h52.19.047","Category_Training_LabelWritten","2024.2.4","Win32",142.8571429,NA,NA,NA,NA,NA,NA,NA,NA,NA,NA,90.6549,"[""down""]",92.6448,0,TRUE,0,1,NA,92.6461,93.843,93.8441,95.646,95.646,96.6446,0,11,11,5,1,"resources/F7Mbh0.png",1,NA,NA,NA,NA,NA,NA,NA,NA,NA,NA,NA,NA
NA,NA,NA,NA,NA,NA,NA,36,"female","2025-11-21_18h52.19.047","Category_Training_LabelWritten","2024.2.4","Win32",142.8571429,NA,NA,NA,NA,NA,NA,NA,NA,NA,NA,96.645,"[""left""]",98.6168,0,TRUE,0,1,NA,98.6194,99.8173,99.8188,101.614,101.6142,102.6178,0,12,12,2,1,"resources/F7Fch0.png",1,NA,NA,NA,NA,NA,NA,NA,NA,NA,NA,NA,NA
NA,NA,NA,NA,NA,NA,NA,36,"female","2025-11-21_18h52.19.047","Category_Training_LabelWritten","2024.2.4","Win32",142.8571429,NA,NA,NA,NA,NA,NA,NA,NA,NA,NA,102.6182,"[""left""]",104.8933,0,FALSE,1,1,NA,104.8936,106.0947,106.0979,107.8919,107.892,108.8958,0,13,13,9,1,"resources/F8Fbh0.png",2,NA,NA,NA,NA,NA,NA,NA,NA,NA,NA,NA,NA
NA,NA,NA,NA,NA,NA,NA,36,"female","2025-11-21_18h52.19.047","Category_Training_LabelWritten","2024.2.4","Win32",142.8571429,NA,NA,NA,NA,NA,NA,NA,NA,NA,NA,108.8961,"[""right""]",113.1379,1,FALSE,0,1,NA,113.1399,114.3302,114.3324,116.1338,116.134,117.1395,0,14,14,1,1,"resources/F7Fbh0.png",1,NA,NA,NA,NA,NA,NA,NA,NA,NA,NA,NA,NA
NA,NA,NA,NA,NA,NA,NA,36,"female","2025-11-21_18h52.19.047","Category_Training_LabelWritten","2024.2.4","Win32",142.8571429,NA,NA,NA,NA,NA,NA,NA,NA,NA,NA,117.1414,"[""down""]",119.099,0,TRUE,0,1,NA,119.0995,120.2984,120.2986,122.0976,122.0977,123.0992,0,15,15,6,1,"resources/F7Mch0.png",1,NA,NA,NA,NA,NA,NA,NA,NA,NA,NA,NA,NA
NA,NA,NA,NA,NA,NA,NA,36,"female","2025-11-21_18h52.19.047","Category_Training_LabelWritten","2024.2.4","Win32",142.8571429,NA,NA,NA,NA,NA,NA,NA,NA,NA,NA,148.4447,"[""up""]",157.2645,1,TRUE,1,2,NA,157.2666,158.4645,158.4675,160.2668,160.2668,161.2608,0,0,0,10,1,"resources/F8Fch0.png",2,123.1014,131.7341,0,"leebish","left",8.6217,NA,131.7343,148.4402,"space",16.6916,NA
NA,NA,NA,NA,NA,NA,NA,36,"female","2025-11-21_18h52.19.047","Category_Training_LabelWritten","2024.2.4","Win32",142.8571429,NA,NA,NA,NA,NA,NA,NA,NA,NA,NA,161.2626,"[""left""]",163.1876,0,TRUE,0,2,NA,163.188,164.3828,164.3851,166.1841,166.1842,167.1847,0,1,1,2,1,"resources/F7Fch0.png",1,NA,NA,NA,NA,NA,NA,NA,NA,NA,NA,NA,NA
NA,NA,NA,NA,NA,NA,NA,36,"female","2025-11-21_18h52.19.047","Category_Training_LabelWritten","2024.2.4","Win32",142.8571429,NA,NA,NA,NA,NA,NA,NA,NA,NA,NA,167.1867,"[""up""]",169.0027,1,TRUE,1,2,NA,169.0046,170.1957,170.198,171.9995,171.9996,173.0051,0,2,2,14,1,"resources/F8Mch0.png",2,NA,NA,NA,NA,NA,NA,NA,NA,NA,NA,NA,NA
NA,NA,NA,NA,NA,NA,NA,36,"female","2025-11-21_18h52.19.047","Category_Training_LabelWritten","2024.2.4","Win32",142.8571429,NA,NA,NA,NA,NA,NA,NA,NA,NA,NA,173.0069,"[""right""]",175.2874,0,TRUE,0,2,NA,175.2879,176.488,176.4901,178.2829,178.2829,179.2837,0,3,3,3,1,"resources/F7Fdh0.png",1,NA,NA,NA,NA,NA,NA,NA,NA,NA,NA,NA,NA
NA,NA,NA,NA,NA,NA,NA,36,"female","2025-11-21_18h52.19.047","Category_Training_LabelWritten","2024.2.4","Win32",142.8571429,NA,NA,NA,NA,NA,NA,NA,NA,NA,NA,179.2857,"[""down""]",181.4134,1,TRUE,1,2,NA,181.4154,182.6136,182.6158,184.4103,184.4105,185.4091,0,4,4,11,1,"resources/F8Fdh0.png",2,NA,NA,NA,NA,NA,NA,NA,NA,NA,NA,NA,NA
NA,NA,NA,NA,NA,NA,NA,36,"female","2025-11-21_18h52.19.047","Category_Training_LabelWritten","2024.2.4","Win32",142.8571429,NA,NA,NA,NA,NA,NA,NA,NA,NA,NA,185.4116,"[""up""]",188.7031,1,TRUE,1,2,NA,188.7038,189.8985,189.8998,191.7011,191.7013,192.6999,0,5,5,9,1,"resources/F8Fbh0.png",2,NA,NA,NA,NA,NA,NA,NA,NA,NA,NA,NA,NA
NA,NA,NA,NA,NA,NA,NA,36,"female","2025-11-21_18h52.19.047","Category_Training_LabelWritten","2024.2.4","Win32",142.8571429,NA,NA,NA,NA,NA,NA,NA,NA,NA,NA,192.7014,"[""up""]",197.464,1,FALSE,0,2,NA,197.4643,198.6654,198.6687,200.4642,200.4642,201.4598,0,6,6,0,1,"resources/F7Fah0.png",1,NA,NA,NA,NA,NA,NA,NA,NA,NA,NA,NA,NA
NA,NA,NA,NA,NA,NA,NA,36,"female","2025-11-21_18h52.19.047","Category_Training_LabelWritten","2024.2.4","Win32",142.8571429,NA,NA,NA,NA,NA,NA,NA,NA,NA,NA,201.4603,"[""left""]",204.3068,1,TRUE,1,2,NA,204.3082,205.5072,205.5094,207.3018,207.3019,208.3072,0,7,7,8,1,"resources/F8Fah0.png",2,NA,NA,NA,NA,NA,NA,NA,NA,NA,NA,NA,NA
NA,NA,NA,NA,NA,NA,NA,36,"female","2025-11-21_18h52.19.047","Category_Training_LabelWritten","2024.2.4","Win32",142.8571429,NA,NA,NA,NA,NA,NA,NA,NA,NA,NA,208.3077,"[""right""]",211.3198,0,TRUE,0,2,NA,211.3217,212.5198,212.5227,214.3158,214.3161,215.3166,0,8,8,7,1,"resources/F7Mdh0.png",1,NA,NA,NA,NA,NA,NA,NA,NA,NA,NA,NA,NA
NA,NA,NA,NA,NA,NA,NA,36,"female","2025-11-21_18h52.19.047","Category_Training_LabelWritten","2024.2.4","Win32",142.8571429,NA,NA,NA,NA,NA,NA,NA,NA,NA,NA,215.3189,"[""right""]",219.99,1,FALSE,0,2,NA,219.9902,221.1861,221.1874,222.9883,222.9885,223.9876,0,9,9,6,1,"resources/F7Mch0.png",1,NA,NA,NA,NA,NA,NA,NA,NA,NA,NA,NA,NA
NA,NA,NA,NA,NA,NA,NA,36,"female","2025-11-21_18h52.19.047","Category_Training_LabelWritten","2024.2.4","Win32",142.8571429,NA,NA,NA,NA,NA,NA,NA,NA,NA,NA,223.9897,"[""left""]",226.1152,1,TRUE,1,2,NA,226.1157,227.3103,227.3126,229.1118,229.1118,230.113,0,10,10,15,1,"resources/F8Mdh0.png",2,NA,NA,NA,NA,NA,NA,NA,NA,NA,NA,NA,NA
NA,NA,NA,NA,NA,NA,NA,36,"female","2025-11-21_18h52.19.047","Category_Training_LabelWritten","2024.2.4","Win32",142.8571429,NA,NA,NA,NA,NA,NA,NA,NA,NA,NA,230.1148,"[""left""]",233.171,1,FALSE,0,2,NA,233.1716,234.3772,234.3777,236.169,236.1692,237.1682,0,11,11,5,1,"resources/F7Mbh0.png",1,NA,NA,NA,NA,NA,NA,NA,NA,NA,NA,NA,NA
NA,NA,NA,NA,NA,NA,NA,36,"female","2025-11-21_18h52.19.047","Category_Training_LabelWritten","2024.2.4","Win32",142.8571429,NA,NA,NA,NA,NA,NA,NA,NA,NA,NA,237.1704,"[""down""]",238.9787,0,TRUE,0,2,NA,238.9805,240.1786,240.1799,241.9756,241.9758,242.9794,0,12,12,4,1,"resources/F7Mah0.png",1,NA,NA,NA,NA,NA,NA,NA,NA,NA,NA,NA,NA
NA,NA,NA,NA,NA,NA,NA,36,"female","2025-11-21_18h52.19.047","Category_Training_LabelWritten","2024.2.4","Win32",142.8571429,NA,NA,NA,NA,NA,NA,NA,NA,NA,NA,242.9798,"[""up""]",245.0003,0,TRUE,0,2,NA,245.0018,246.1991,246.1994,247.9972,247.9974,248.996,0,13,13,1,1,"resources/F7Fbh0.png",1,NA,NA,NA,NA,NA,NA,NA,NA,NA,NA,NA,NA
NA,NA,NA,NA,NA,NA,NA,36,"female","2025-11-21_18h52.19.047","Category_Training_LabelWritten","2024.2.4","Win32",142.8571429,NA,NA,NA,NA,NA,NA,NA,NA,NA,NA,248.9978,"[""up""]",253.0478,0,FALSE,1,2,NA,253.0495,254.2408,254.2441,256.0491,256.0492,257.0434,0,14,14,13,1,"resources/F8Mbh0.png",2,NA,NA,NA,NA,NA,NA,NA,NA,NA,NA,NA,NA
NA,NA,NA,NA,NA,NA,NA,36,"female","2025-11-21_18h52.19.047","Category_Training_LabelWritten","2024.2.4","Win32",142.8571429,NA,NA,NA,NA,NA,NA,NA,NA,NA,NA,257.0461,"[""down""]",258.6894,1,TRUE,1,2,NA,258.6898,259.8875,259.8888,261.6867,261.6868,262.6897,0,15,15,12,1,"resources/F8Mah0.png",2,NA,NA,NA,NA,NA,NA,NA,NA,NA,NA,NA,NA
NA,NA,NA,NA,NA,NA,NA,36,"female","2025-11-21_18h52.19.047","Category_Training_LabelWritten","2024.2.4","Win32",142.8571429,NA,NA,NA,NA,NA,NA,NA,NA,NA,NA,302.4033,"[""up""]",305.9355,1,FALSE,0,3,NA,305.9359,307.1423,307.1429,308.9344,308.9346,309.9307,0,0,0,4,1,"resources/F7Mah0.png",1,262.693,269.0575,0,"grecious","left",6.3541,NA,269.0602,302.3996,"space",33.3273,NA
NA,NA,NA,NA,NA,NA,NA,36,"female","2025-11-21_18h52.19.047","Category_Training_LabelWritten","2024.2.4","Win32",142.8571429,NA,NA,NA,NA,NA,NA,NA,NA,NA,NA,309.9311,"[""down""]",312.8774,0,TRUE,0,3,NA,312.879,314.0801,314.0804,315.8765,315.8765,316.8767,0,1,1,0,1,"resources/F7Fah0.png",1,NA,NA,NA,NA,NA,NA,NA,NA,NA,NA,NA,NA
NA,NA,NA,NA,NA,NA,NA,36,"female","2025-11-21_18h52.19.047","Category_Training_LabelWritten","2024.2.4","Win32",142.8571429,NA,NA,NA,NA,NA,NA,NA,NA,NA,NA,316.8788,"[""right""]",318.7246,0,TRUE,0,3,NA,318.7249,319.9275,319.9277,321.7312,321.7314,322.7253,0,2,2,5,1,"resources/F7Mbh0.png",1,NA,NA,NA,NA,NA,NA,NA,NA,NA,NA,NA,NA
NA,NA,NA,NA,NA,NA,NA,36,"female","2025-11-21_18h52.19.047","Category_Training_LabelWritten","2024.2.4","Win32",142.8571429,NA,NA,NA,NA,NA,NA,NA,NA,NA,NA,322.7273,"[""up""]",324.9018,1,FALSE,0,3,NA,324.9022,326.0928,326.094,327.9007,327.9008,328.8993,0,3,3,2,1,"resources/F7Fch0.png",1,NA,NA,NA,NA,NA,NA,NA,NA,NA,NA,NA,NA
NA,NA,NA,NA,NA,NA,NA,36,"female","2025-11-21_18h52.19.047","Category_Training_LabelWritten","2024.2.4","Win32",142.8571429,NA,NA,NA,NA,NA,NA,NA,NA,NA,NA,328.9011,"[""left""]",331.1274,1,TRUE,1,3,NA,331.1287,332.3264,332.329,334.1233,334.1234,335.1288,0,4,4,13,1,"resources/F8Mbh0.png",2,NA,NA,NA,NA,NA,NA,NA,NA,NA,NA,NA,NA
NA,NA,NA,NA,NA,NA,NA,36,"female","2025-11-21_18h52.19.047","Category_Training_LabelWritten","2024.2.4","Win32",142.8571429,NA,NA,NA,NA,NA,NA,NA,NA,NA,NA,335.1305,"[""down""]",337.18,1,TRUE,1,3,NA,337.1817,338.3811,338.3813,340.1803,340.1805,341.1765,0,5,5,10,1,"resources/F8Fch0.png",2,NA,NA,NA,NA,NA,NA,NA,NA,NA,NA,NA,NA
NA,NA,NA,NA,NA,NA,NA,36,"female","2025-11-21_18h52.19.047","Category_Training_LabelWritten","2024.2.4","Win32",142.8571429,NA,NA,NA,NA,NA,NA,NA,NA,NA,NA,341.177,"[""up""]",343.0516,0,TRUE,0,3,NA,343.0529,344.2503,344.2518,346.0488,346.049,347.0472,0,6,6,6,1,"resources/F7Mch0.png",1,NA,NA,NA,NA,NA,NA,NA,NA,NA,NA,NA,NA
NA,NA,NA,NA,NA,NA,NA,36,"female","2025-11-21_18h52.19.047","Category_Training_LabelWritten","2024.2.4","Win32",142.8571429,NA,NA,NA,NA,NA,NA,NA,NA,NA,NA,347.0496,"[""right""]",348.8732,1,TRUE,1,3,NA,348.8747,350.0725,350.0749,351.8735,351.8735,352.8725,0,7,7,12,1,"resources/F8Mah0.png",2,NA,NA,NA,NA,NA,NA,NA,NA,NA,NA,NA,NA
NA,NA,NA,NA,NA,NA,NA,36,"female","2025-11-21_18h52.19.047","Category_Training_LabelWritten","2024.2.4","Win32",142.8571429,NA,NA,NA,NA,NA,NA,NA,NA,NA,NA,352.8729,"[""right""]",354.5728,1,TRUE,1,3,NA,354.5731,355.7682,355.769,357.5717,357.5717,358.5708,0,8,8,15,1,"resources/F8Mdh0.png",2,NA,NA,NA,NA,NA,NA,NA,NA,NA,NA,NA,NA
NA,NA,NA,NA,NA,NA,NA,36,"female","2025-11-21_18h52.19.047","Category_Training_LabelWritten","2024.2.4","Win32",142.8571429,NA,NA,NA,NA,NA,NA,NA,NA,NA,NA,358.5714,"[""left""]",361.2398,1,FALSE,0,3,NA,361.2406,362.4399,362.442,364.236,364.2361,365.2375,0,9,9,1,1,"resources/F7Fbh0.png",1,NA,NA,NA,NA,NA,NA,NA,NA,NA,NA,NA,NA
NA,NA,NA,NA,NA,NA,NA,36,"female","2025-11-21_18h52.19.047","Category_Training_LabelWritten","2024.2.4","Win32",142.8571429,NA,NA,NA,NA,NA,NA,NA,NA,NA,NA,365.2382,"[""down""]",367.6347,1,FALSE,0,3,NA,367.6352,368.8358,368.836,370.6321,370.6322,371.6309,0,10,10,7,1,"resources/F7Mdh0.png",1,NA,NA,NA,NA,NA,NA,NA,NA,NA,NA,NA,NA
NA,NA,NA,NA,NA,NA,NA,36,"female","2025-11-21_18h52.19.047","Category_Training_LabelWritten","2024.2.4","Win32",142.8571429,NA,NA,NA,NA,NA,NA,NA,NA,NA,NA,371.6314,"[""down""]",373.5327,1,TRUE,1,3,NA,373.5343,374.735,374.7372,376.5353,376.5353,377.5305,0,11,11,8,1,"resources/F8Fah0.png",2,NA,NA,NA,NA,NA,NA,NA,NA,NA,NA,NA,NA
NA,NA,NA,NA,NA,NA,NA,36,"female","2025-11-21_18h52.19.047","Category_Training_LabelWritten","2024.2.4","Win32",142.8571429,NA,NA,NA,NA,NA,NA,NA,NA,NA,NA,377.5323,"[""left""]",379.4704,1,TRUE,1,3,NA,379.4708,380.6703,380.6706,382.4692,382.4693,383.4661,0,12,12,14,1,"resources/F8Mch0.png",2,NA,NA,NA,NA,NA,NA,NA,NA,NA,NA,NA,NA
NA,NA,NA,NA,NA,NA,NA,36,"female","2025-11-21_18h52.19.047","Category_Training_LabelWritten","2024.2.4","Win32",142.8571429,NA,NA,NA,NA,NA,NA,NA,NA,NA,NA,383.4665,"[""right""]",385.1178,1,TRUE,1,3,NA,385.1196,386.3195,386.3209,388.1138,388.1138,389.1131,0,13,13,9,1,"resources/F8Fbh0.png",2,NA,NA,NA,NA,NA,NA,NA,NA,NA,NA,NA,NA
NA,NA,NA,NA,NA,NA,NA,36,"female","2025-11-21_18h52.19.047","Category_Training_LabelWritten","2024.2.4","Win32",142.8571429,NA,NA,NA,NA,NA,NA,NA,NA,NA,NA,389.1138,"[""down""]",390.8201,1,TRUE,1,3,NA,390.8207,392.0216,392.023,393.8164,393.8164,394.8154,0,14,14,11,1,"resources/F8Fdh0.png",2,NA,NA,NA,NA,NA,NA,NA,NA,NA,NA,NA,NA
NA,NA,NA,NA,NA,NA,NA,36,"female","2025-11-21_18h52.19.047","Category_Training_LabelWritten","2024.2.4","Win32",142.8571429,NA,NA,NA,NA,NA,NA,NA,NA,NA,NA,394.8159,"[""left""]",397.1059,0,TRUE,0,3,NA,397.1072,398.3058,398.3088,400.1013,400.1014,401.1072,0,15,15,3,1,"resources/F7Fdh0.png",1,NA,NA,NA,NA,NA,NA,NA,NA,NA,NA,NA,NA
NA,NA,NA,NA,NA,NA,NA,36,"female","2025-11-21_18h52.19.047","Category_Training_LabelWritten","2024.2.4","Win32",142.8571429,NA,NA,NA,NA,NA,NA,NA,NA,NA,NA,407.3559,"[""up""]",409.599,1,FALSE,0,4,NA,409.5994,410.7939,410.7952,412.5975,412.5977,413.5965,0,0,0,1,1,"resources/F7Fbh0.png",1,401.1075,405.0526,0,"grecious","left",3.9313,NA,405.0553,407.3513,"space",2.2823,NA
NA,NA,NA,NA,NA,NA,NA,36,"female","2025-11-21_18h52.19.047","Category_Training_LabelWritten","2024.2.4","Win32",142.8571429,NA,NA,NA,NA,NA,NA,NA,NA,NA,NA,413.5985,"[""down""]",415.3385,1,TRUE,1,4,NA,415.3398,416.5369,416.5395,418.3395,418.3395,419.3389,0,1,1,13,1,"resources/F8Mbh0.png",2,NA,NA,NA,NA,NA,NA,NA,NA,NA,NA,NA,NA
NA,NA,NA,NA,NA,NA,NA,36,"female","2025-11-21_18h52.19.047","Category_Training_LabelWritten","2024.2.4","Win32",142.8571429,NA,NA,NA,NA,NA,NA,NA,NA,NA,NA,419.3393,"[""left""]",421.4149,1,FALSE,0,4,NA,421.416,422.6135,422.6153,424.4163,424.4163,425.4222,0,2,2,3,1,"resources/F7Fdh0.png",1,NA,NA,NA,NA,NA,NA,NA,NA,NA,NA,NA,NA
NA,NA,NA,NA,NA,NA,NA,36,"female","2025-11-21_18h52.19.047","Category_Training_LabelWritten","2024.2.4","Win32",142.8571429,NA,NA,NA,NA,NA,NA,NA,NA,NA,NA,425.4227,"[""down""]",426.9977,1,TRUE,1,4,NA,426.998,428.1992,428.202,429.9963,429.9964,430.995,0,3,3,14,1,"resources/F8Mch0.png",2,NA,NA,NA,NA,NA,NA,NA,NA,NA,NA,NA,NA
NA,NA,NA,NA,NA,NA,NA,36,"female","2025-11-21_18h52.19.047","Category_Training_LabelWritten","2024.2.4","Win32",142.8571429,NA,NA,NA,NA,NA,NA,NA,NA,NA,NA,430.9969,"[""left""]",432.7012,0,TRUE,0,4,NA,432.703,433.9017,433.9049,435.6964,435.6964,436.6978,0,4,4,6,1,"resources/F7Mch0.png",1,NA,NA,NA,NA,NA,NA,NA,NA,NA,NA,NA,NA
NA,NA,NA,NA,NA,NA,NA,36,"female","2025-11-21_18h52.19.047","Category_Training_LabelWritten","2024.2.4","Win32",142.8571429,NA,NA,NA,NA,NA,NA,NA,NA,NA,NA,436.7001,"[""right""]",438.5705,0,FALSE,1,4,NA,438.572,439.7695,439.7715,441.5658,441.5658,442.5664,0,5,5,15,1,"resources/F8Mdh0.png",2,NA,NA,NA,NA,NA,NA,NA,NA,NA,NA,NA,NA
NA,NA,NA,NA,NA,NA,NA,36,"female","2025-11-21_18h52.19.047","Category_Training_LabelWritten","2024.2.4","Win32",142.8571429,NA,NA,NA,NA,NA,NA,NA,NA,NA,NA,442.5683,"[""up""]",444.2504,1,FALSE,0,4,NA,444.2507,445.4481,445.4486,447.2467,447.2468,448.249,0,6,6,5,1,"resources/F7Mbh0.png",1,NA,NA,NA,NA,NA,NA,NA,NA,NA,NA,NA,NA
NA,NA,NA,NA,NA,NA,NA,36,"female","2025-11-21_18h52.19.047","Category_Training_LabelWritten","2024.2.4","Win32",142.8571429,NA,NA,NA,NA,NA,NA,NA,NA,NA,NA,448.2506,"[""down""]",449.2964,1,TRUE,1,4,NA,449.2978,450.4972,450.4978,452.2931,452.2931,453.2987,0,7,7,10,1,"resources/F8Fch0.png",2,NA,NA,NA,NA,NA,NA,NA,NA,NA,NA,NA,NA
NA,NA,NA,NA,NA,NA,NA,36,"female","2025-11-21_18h52.19.047","Category_Training_LabelWritten","2024.2.4","Win32",142.8571429,NA,NA,NA,NA,NA,NA,NA,NA,NA,NA,453.3005,"[""left""]",456.1619,1,TRUE,1,4,NA,456.1621,457.3636,457.3649,459.1583,459.1583,460.1597,0,8,8,8,1,"resources/F8Fah0.png",2,NA,NA,NA,NA,NA,NA,NA,NA,NA,NA,NA,NA
NA,NA,NA,NA,NA,NA,NA,36,"female","2025-11-21_18h52.19.047","Category_Training_LabelWritten","2024.2.4","Win32",142.8571429,NA,NA,NA,NA,NA,NA,NA,NA,NA,NA,460.1616,"[""left""]",461.5573,1,TRUE,1,4,NA,461.5591,462.7546,462.7559,464.5556,464.5556,465.5546,0,9,9,11,1,"resources/F8Fdh0.png",2,NA,NA,NA,NA,NA,NA,NA,NA,NA,NA,NA,NA
NA,NA,NA,NA,NA,NA,NA,36,"female","2025-11-21_18h52.19.047","Category_Training_LabelWritten","2024.2.4","Win32",142.8571429,NA,NA,NA,NA,NA,NA,NA,NA,NA,NA,465.5551,"[""up""]",467.1916,1,FALSE,0,4,NA,467.1921,468.3942,468.3964,470.1906,470.1908,471.1896,0,10,10,7,1,"resources/F7Mdh0.png",1,NA,NA,NA,NA,NA,NA,NA,NA,NA,NA,NA,NA
NA,NA,NA,NA,NA,NA,NA,36,"female","2025-11-21_18h52.19.047","Category_Training_LabelWritten","2024.2.4","Win32",142.8571429,NA,NA,NA,NA,NA,NA,NA,NA,NA,NA,471.192,"[""left""]",472.8889,1,TRUE,1,4,NA,472.8907,474.0844,474.0854,475.8842,475.8842,476.8899,0,11,11,12,1,"resources/F8Mah0.png",2,NA,NA,NA,NA,NA,NA,NA,NA,NA,NA,NA,NA
NA,NA,NA,NA,NA,NA,NA,36,"female","2025-11-21_18h52.19.047","Category_Training_LabelWritten","2024.2.4","Win32",142.8571429,NA,NA,NA,NA,NA,NA,NA,NA,NA,NA,476.8903,"[""left""]",478.8172,1,FALSE,0,4,NA,478.8191,480.0193,480.0214,481.8142,481.8142,482.8161,0,12,12,4,1,"resources/F7Mah0.png",1,NA,NA,NA,NA,NA,NA,NA,NA,NA,NA,NA,NA
NA,NA,NA,NA,NA,NA,NA,36,"female","2025-11-21_18h52.19.047","Category_Training_LabelWritten","2024.2.4","Win32",142.8571429,NA,NA,NA,NA,NA,NA,NA,NA,NA,NA,482.8181,"[""up""]",484.7091,1,FALSE,0,4,NA,484.71,485.9111,485.913,487.7054,487.7054,488.7042,0,13,13,2,1,"resources/F7Fch0.png",1,NA,NA,NA,NA,NA,NA,NA,NA,NA,NA,NA,NA
NA,NA,NA,NA,NA,NA,NA,36,"female","2025-11-21_18h52.19.047","Category_Training_LabelWritten","2024.2.4","Win32",142.8571429,NA,NA,NA,NA,NA,NA,NA,NA,NA,NA,488.7048,"[""up""]",490.5938,1,TRUE,1,4,NA,490.5952,491.7938,491.7961,493.5945,493.5946,494.5941,0,14,14,9,1,"resources/F8Fbh0.png",2,NA,NA,NA,NA,NA,NA,NA,NA,NA,NA,NA,NA
NA,NA,NA,NA,NA,NA,NA,36,"female","2025-11-21_18h52.19.047","Category_Training_LabelWritten","2024.2.4","Win32",142.8571429,NA,NA,NA,NA,NA,NA,NA,NA,NA,NA,494.5946,"[""up""]",496.393,1,FALSE,0,4,NA,496.3948,497.594,497.5966,499.3953,499.3954,500.3935,0,15,15,0,1,"resources/F7Fah0.png",1,NA,NA,NA,NA,NA,NA,NA,NA,NA,NA,NA,NA
NA,NA,NA,NA,NA,NA,NA,36,"female","2025-11-21_18h52.19.047","Category_Training_LabelWritten","2024.2.4","Win32",142.8571429,NA,NA,NA,NA,NA,NA,NA,NA,NA,NA,509.4631,"[""left""]",511.7588,1,TRUE,1,5,NA,511.7604,512.954,512.957,514.7506,514.7507,515.7599,0,0,0,15,1,"resources/F8Mdh0.png",2,500.3939,505.3819,0,"grecious","left",4.9752,NA,505.3842,509.4592,"space",4.064,NA
NA,NA,NA,NA,NA,NA,NA,36,"female","2025-11-21_18h52.19.047","Category_Training_LabelWritten","2024.2.4","Win32",142.8571429,NA,NA,NA,NA,NA,NA,NA,NA,NA,NA,515.7602,"[""right""]",517.6483,1,TRUE,1,5,NA,517.6496,518.8497,518.851,520.6434,520.6435,521.6441,0,1,1,10,1,"resources/F8Fch0.png",2,NA,NA,NA,NA,NA,NA,NA,NA,NA,NA,NA,NA
NA,NA,NA,NA,NA,NA,NA,36,"female","2025-11-21_18h52.19.047","Category_Training_LabelWritten","2024.2.4","Win32",142.8571429,NA,NA,NA,NA,NA,NA,NA,NA,NA,NA,521.6464,"[""right""]",524.4507,1,FALSE,0,5,NA,524.4525,525.6472,525.6495,527.4488,527.4488,528.4494,0,2,2,1,1,"resources/F7Fbh0.png",1,NA,NA,NA,NA,NA,NA,NA,NA,NA,NA,NA,NA
NA,NA,NA,NA,NA,NA,NA,36,"female","2025-11-21_18h52.19.047","Category_Training_LabelWritten","2024.2.4","Win32",142.8571429,NA,NA,NA,NA,NA,NA,NA,NA,NA,NA,528.4512,"[""right""]",529.7969,1,FALSE,0,5,NA,529.7987,530.994,530.9943,532.7923,532.7924,533.7983,0,3,3,3,1,"resources/F7Fdh0.png",1,NA,NA,NA,NA,NA,NA,NA,NA,NA,NA,NA,NA
NA,NA,NA,NA,NA,NA,NA,36,"female","2025-11-21_18h52.19.047","Category_Training_LabelWritten","2024.2.4","Win32",142.8571429,NA,NA,NA,NA,NA,NA,NA,NA,NA,NA,533.8006,"[""left""]",536.6482,1,FALSE,0,5,NA,536.6486,537.848,537.8482,539.6463,539.6465,540.6442,0,4,4,6,1,"resources/F7Mch0.png",1,NA,NA,NA,NA,NA,NA,NA,NA,NA,NA,NA,NA
NA,NA,NA,NA,NA,NA,NA,36,"female","2025-11-21_18h52.19.047","Category_Training_LabelWritten","2024.2.4","Win32",142.8571429,NA,NA,NA,NA,NA,NA,NA,NA,NA,NA,540.6457,"[""up""]",542.8072,1,TRUE,1,5,NA,542.8074,544.0028,544.0058,545.8051,545.8051,546.8038,0,5,5,11,1,"resources/F8Fdh0.png",2,NA,NA,NA,NA,NA,NA,NA,NA,NA,NA,NA,NA
NA,NA,NA,NA,NA,NA,NA,36,"female","2025-11-21_18h52.19.047","Category_Training_LabelWritten","2024.2.4","Win32",142.8571429,NA,NA,NA,NA,NA,NA,NA,NA,NA,NA,546.8041,"[""right""]",549.2964,0,FALSE,1,5,NA,549.2982,550.4953,550.4961,552.2982,552.2982,553.2924,0,6,6,9,1,"resources/F8Fbh0.png",2,NA,NA,NA,NA,NA,NA,NA,NA,NA,NA,NA,NA
NA,NA,NA,NA,NA,NA,NA,36,"female","2025-11-21_18h52.19.047","Category_Training_LabelWritten","2024.2.4","Win32",142.8571429,NA,NA,NA,NA,NA,NA,NA,NA,NA,NA,553.2937,"[""down""]",554.9441,1,TRUE,1,5,NA,554.9453,556.143,556.1444,557.9453,557.9454,558.944,0,7,7,12,1,"resources/F8Mah0.png",2,NA,NA,NA,NA,NA,NA,NA,NA,NA,NA,NA,NA
NA,NA,NA,NA,NA,NA,NA,36,"female","2025-11-21_18h52.19.047","Category_Training_LabelWritten","2024.2.4","Win32",142.8571429,NA,NA,NA,NA,NA,NA,NA,NA,NA,NA,558.9444,"[""right""]",560.7874,1,TRUE,1,5,NA,560.7877,561.99,561.9908,563.788,563.7883,564.785,0,8,8,14,1,"resources/F8Mch0.png",2,NA,NA,NA,NA,NA,NA,NA,NA,NA,NA,NA,NA
NA,NA,NA,NA,NA,NA,NA,36,"female","2025-11-21_18h52.19.047","Category_Training_LabelWritten","2024.2.4","Win32",142.8571429,NA,NA,NA,NA,NA,NA,NA,NA,NA,NA,564.7856,"[""right""]",566.5977,0,TRUE,0,5,NA,566.5995,567.7975,567.8001,569.5944,569.5945,570.5935,0,9,9,2,1,"resources/F7Fch0.png",1,NA,NA,NA,NA,NA,NA,NA,NA,NA,NA,NA,NA
NA,NA,NA,NA,NA,NA,NA,36,"female","2025-11-21_18h52.19.047","Category_Training_LabelWritten","2024.2.4","Win32",142.8571429,NA,NA,NA,NA,NA,NA,NA,NA,NA,NA,570.5953,"[""up""]",572.5693,1,FALSE,0,5,NA,572.5697,573.7707,573.7717,575.572,575.5721,576.5666,0,10,10,5,1,"resources/F7Mbh0.png",1,NA,NA,NA,NA,NA,NA,NA,NA,NA,NA,NA,NA
NA,NA,NA,NA,NA,NA,NA,36,"female","2025-11-21_18h52.19.047","Category_Training_LabelWritten","2024.2.4","Win32",142.8571429,NA,NA,NA,NA,NA,NA,NA,NA,NA,NA,576.5684,"[""down""]",578.8048,1,FALSE,0,5,NA,578.8051,580.0115,580.0117,581.8043,581.8045,582.801,0,11,11,4,1,"resources/F7Mah0.png",1,NA,NA,NA,NA,NA,NA,NA,NA,NA,NA,NA,NA
NA,NA,NA,NA,NA,NA,NA,36,"female","2025-11-21_18h52.19.047","Category_Training_LabelWritten","2024.2.4","Win32",142.8571429,NA,NA,NA,NA,NA,NA,NA,NA,NA,NA,582.8014,"[""left""]",585.0355,1,FALSE,0,5,NA,585.0357,586.2368,586.2381,588.0318,588.0318,589.0334,0,12,12,7,1,"resources/F7Mdh0.png",1,NA,NA,NA,NA,NA,NA,NA,NA,NA,NA,NA,NA
NA,NA,NA,NA,NA,NA,NA,36,"female","2025-11-21_18h52.19.047","Category_Training_LabelWritten","2024.2.4","Win32",142.8571429,NA,NA,NA,NA,NA,NA,NA,NA,NA,NA,589.0358,"[""down""]",591.858,0,FALSE,1,5,NA,591.8585,593.0545,593.0552,594.8589,594.8589,595.8587,0,13,13,8,1,"resources/F8Fah0.png",2,NA,NA,NA,NA,NA,NA,NA,NA,NA,NA,NA,NA
NA,NA,NA,NA,NA,NA,NA,36,"female","2025-11-21_18h52.19.047","Category_Training_LabelWritten","2024.2.4","Win32",142.8571429,NA,NA,NA,NA,NA,NA,NA,NA,NA,NA,595.8608,"[""up""]",598.0978,0,FALSE,1,5,NA,598.098,599.2987,599.299,601.0943,601.0943,602.0954,0,14,14,13,1,"resources/F8Mbh0.png",2,NA,NA,NA,NA,NA,NA,NA,NA,NA,NA,NA,NA
NA,NA,NA,NA,NA,NA,NA,36,"female","2025-11-21_18h52.19.047","Category_Training_LabelWritten","2024.2.4","Win32",142.8571429,NA,NA,NA,NA,NA,NA,NA,NA,NA,NA,602.0972,"[""right""]",604.1564,1,FALSE,0,5,NA,604.1577,605.3561,605.3589,607.1537,607.1538,608.1581,0,15,15,0,1,"resources/F7Fah0.png",1,NA,NA,NA,NA,NA,NA,NA,NA,NA,NA,NA,NA
NA,NA,NA,NA,NA,NA,NA,36,"female","2025-11-21_18h52.19.047","Category_Training_LabelWritten","2024.2.4","Win32",142.8571429,NA,NA,NA,NA,NA,NA,NA,NA,NA,NA,617.1122,"[""down""]",619.6955,1,TRUE,1,6,NA,619.6976,620.8955,620.8972,622.6926,622.6927,623.6917,0,0,0,10,1,"resources/F8Fch0.png",2,608.1595,613.7136,0,"grecious","right",5.5427,NA,613.7143,617.1071,"space",3.3835,NA
NA,NA,NA,NA,NA,NA,NA,36,"female","2025-11-21_18h52.19.047","Category_Training_LabelWritten","2024.2.4","Win32",142.8571429,NA,NA,NA,NA,NA,NA,NA,NA,NA,NA,623.6927,"[""left""]",625.4798,0,TRUE,0,6,NA,625.4804,626.6727,626.6737,628.4775,628.4776,629.4769,0,1,1,0,1,"resources/F7Fah0.png",1,NA,NA,NA,NA,NA,NA,NA,NA,NA,NA,NA,NA
NA,NA,NA,NA,NA,NA,NA,36,"female","2025-11-21_18h52.19.047","Category_Training_LabelWritten","2024.2.4","Win32",142.8571429,NA,NA,NA,NA,NA,NA,NA,NA,NA,NA,629.4788,"[""down""]",631.1765,1,TRUE,1,6,NA,631.1783,632.3763,632.3792,634.1689,634.1689,635.173,0,2,2,13,1,"resources/F8Mbh0.png",2,NA,NA,NA,NA,NA,NA,NA,NA,NA,NA,NA,NA
NA,NA,NA,NA,NA,NA,NA,36,"female","2025-11-21_18h52.19.047","Category_Training_LabelWritten","2024.2.4","Win32",142.8571429,NA,NA,NA,NA,NA,NA,NA,NA,NA,NA,635.1755,"[""right""]",637.094,1,FALSE,0,6,NA,637.0956,638.2953,638.2974,640.0904,640.0905,641.0954,0,3,3,7,1,"resources/F7Mdh0.png",1,NA,NA,NA,NA,NA,NA,NA,NA,NA,NA,NA,NA
NA,NA,NA,NA,NA,NA,NA,36,"female","2025-11-21_18h52.19.047","Category_Training_LabelWritten","2024.2.4","Win32",142.8571429,NA,NA,NA,NA,NA,NA,NA,NA,NA,NA,641.0958,"[""up""]",642.762,1,FALSE,0,6,NA,642.764,643.9602,643.9606,645.7639,645.7639,646.7576,0,4,4,5,1,"resources/F7Mbh0.png",1,NA,NA,NA,NA,NA,NA,NA,NA,NA,NA,NA,NA
NA,NA,NA,NA,NA,NA,NA,36,"female","2025-11-21_18h52.19.047","Category_Training_LabelWritten","2024.2.4","Win32",142.8571429,NA,NA,NA,NA,NA,NA,NA,NA,NA,NA,646.7602,"[""down""]",648.4906,0,TRUE,0,6,NA,648.4909,649.6831,649.6833,651.4894,651.4895,652.488,0,5,5,3,1,"resources/F7Fdh0.png",1,NA,NA,NA,NA,NA,NA,NA,NA,NA,NA,NA,NA
NA,NA,NA,NA,NA,NA,NA,36,"female","2025-11-21_18h52.19.047","Category_Training_LabelWritten","2024.2.4","Win32",142.8571429,NA,NA,NA,NA,NA,NA,NA,NA,NA,NA,652.49,"[""down""]",654.2461,0,FALSE,1,6,NA,654.2474,655.4416,655.442,657.2462,657.2463,658.246,0,6,6,15,1,"resources/F8Mdh0.png",2,NA,NA,NA,NA,NA,NA,NA,NA,NA,NA,NA,NA
NA,NA,NA,NA,NA,NA,NA,36,"female","2025-11-21_18h52.19.047","Category_Training_LabelWritten","2024.2.4","Win32",142.8571429,NA,NA,NA,NA,NA,NA,NA,NA,NA,NA,658.2477,"[""down""]",660.6979,1,FALSE,0,6,NA,660.6983,661.8956,661.8986,663.6985,663.6986,664.6987,0,7,7,4,1,"resources/F7Mah0.png",1,NA,NA,NA,NA,NA,NA,NA,NA,NA,NA,NA,NA
NA,NA,NA,NA,NA,NA,NA,36,"female","2025-11-21_18h52.19.047","Category_Training_LabelWritten","2024.2.4","Win32",142.8571429,NA,NA,NA,NA,NA,NA,NA,NA,NA,NA,664.7006,"[""left""]",666.7594,0,FALSE,1,6,NA,666.7607,667.9513,667.9536,669.7555,669.7555,670.7592,0,8,8,9,1,"resources/F8Fbh0.png",2,NA,NA,NA,NA,NA,NA,NA,NA,NA,NA,NA,NA
NA,NA,NA,NA,NA,NA,NA,36,"female","2025-11-21_18h52.19.047","Category_Training_LabelWritten","2024.2.4","Win32",142.8571429,NA,NA,NA,NA,NA,NA,NA,NA,NA,NA,670.7596,"[""up""]",672.6458,1,FALSE,0,6,NA,672.6462,673.8411,673.8438,675.6444,675.6445,676.6411,0,9,9,6,1,"resources/F7Mch0.png",1,NA,NA,NA,NA,NA,NA,NA,NA,NA,NA,NA,NA
NA,NA,NA,NA,NA,NA,NA,36,"female","2025-11-21_18h52.19.047","Category_Training_LabelWritten","2024.2.4","Win32",142.8571429,NA,NA,NA,NA,NA,NA,NA,NA,NA,NA,676.6414,"[""up""]",678.1555,1,FALSE,0,6,NA,678.1568,679.3556,679.3568,681.1525,681.1526,682.1515,0,10,10,1,1,"resources/F7Fbh0.png",1,NA,NA,NA,NA,NA,NA,NA,NA,NA,NA,NA,NA
NA,NA,NA,NA,NA,NA,NA,36,"female","2025-11-21_18h52.19.047","Category_Training_LabelWritten","2024.2.4","Win32",142.8571429,NA,NA,NA,NA,NA,NA,NA,NA,NA,NA,682.1534,"[""right""]",685.2546,1,FALSE,0,6,NA,685.2549,686.4513,686.4515,688.2544,688.2545,689.2551,0,11,11,2,1,"resources/F7Fch0.png",1,NA,NA,NA,NA,NA,NA,NA,NA,NA,NA,NA,NA
NA,NA,NA,NA,NA,NA,NA,36,"female","2025-11-21_18h52.19.047","Category_Training_LabelWritten","2024.2.4","Win32",142.8571429,NA,NA,NA,NA,NA,NA,NA,NA,NA,NA,689.2576,"[""down""]",691.2322,1,TRUE,1,6,NA,691.2341,692.4241,692.4247,694.228,694.228,695.233,0,12,12,14,1,"resources/F8Mch0.png",2,NA,NA,NA,NA,NA,NA,NA,NA,NA,NA,NA,NA
NA,NA,NA,NA,NA,NA,NA,36,"female","2025-11-21_18h52.19.047","Category_Training_LabelWritten","2024.2.4","Win32",142.8571429,NA,NA,NA,NA,NA,NA,NA,NA,NA,NA,695.2336,"[""right""]",697.7817,1,TRUE,1,6,NA,697.783,698.9819,698.9832,700.7835,700.7836,701.7835,0,13,13,8,1,"resources/F8Fah0.png",2,NA,NA,NA,NA,NA,NA,NA,NA,NA,NA,NA,NA
NA,NA,NA,NA,NA,NA,NA,36,"female","2025-11-21_18h52.19.047","Category_Training_LabelWritten","2024.2.4","Win32",142.8571429,NA,NA,NA,NA,NA,NA,NA,NA,NA,NA,701.7854,"[""right""]",703.3869,1,TRUE,1,6,NA,703.3887,704.5802,704.5811,706.3883,706.3883,707.3823,0,14,14,11,1,"resources/F8Fdh0.png",2,NA,NA,NA,NA,NA,NA,NA,NA,NA,NA,NA,NA
NA,NA,NA,NA,NA,NA,NA,36,"female","2025-11-21_18h52.19.047","Category_Training_LabelWritten","2024.2.4","Win32",142.8571429,NA,NA,NA,NA,NA,NA,NA,NA,NA,NA,707.3842,"[""up""]",709.1126,1,TRUE,1,6,NA,709.1128,710.3084,710.3087,712.1136,712.1137,713.1109,0,15,15,12,1,"resources/F8Mah0.png",2,NA,NA,NA,NA,NA,NA,NA,NA,NA,NA,NA,NA
NA,NA,NA,NA,NA,NA,NA,36,"female","2025-11-21_18h52.19.047","Category_Training_LabelWritten","2024.2.4","Win32",142.8571429,NA,NA,NA,NA,NA,NA,NA,NA,NA,NA,748.8709,"[""up""]",751.203,1,FALSE,0,7,NA,751.2035,752.4034,752.404,754.2016,754.2018,755.2015,0,0,0,1,1,"resources/F7Fbh0.png",1,713.1125,715.886,0,"leebish","right",2.7618,NA,715.8864,748.8661,"space",32.9666,NA
NA,NA,NA,NA,NA,NA,NA,36,"female","2025-11-21_18h52.19.047","Category_Training_LabelWritten","2024.2.4","Win32",142.8571429,NA,NA,NA,NA,NA,NA,NA,NA,NA,NA,755.2031,"[""down""]",756.889,1,TRUE,1,7,NA,756.8906,758.0871,758.0893,759.8885,759.8885,760.8937,0,1,1,15,1,"resources/F8Mdh0.png",2,NA,NA,NA,NA,NA,NA,NA,NA,NA,NA,NA,NA
NA,NA,NA,NA,NA,NA,NA,36,"female","2025-11-21_18h52.19.047","Category_Training_LabelWritten","2024.2.4","Win32",142.8571429,NA,NA,NA,NA,NA,NA,NA,NA,NA,NA,760.8941,"[""right""]",762.724,1,TRUE,1,7,NA,762.7257,763.9208,763.9214,765.7252,765.7253,766.7219,0,2,2,11,1,"resources/F8Fdh0.png",2,NA,NA,NA,NA,NA,NA,NA,NA,NA,NA,NA,NA
NA,NA,NA,NA,NA,NA,NA,36,"female","2025-11-21_18h52.19.047","Category_Training_LabelWritten","2024.2.4","Win32",142.8571429,NA,NA,NA,NA,NA,NA,NA,NA,NA,NA,766.7224,"[""left""]",770.2394,1,FALSE,0,7,NA,770.24,771.4399,771.4423,773.2359,773.2359,774.2366,0,3,3,2,1,"resources/F7Fch0.png",1,NA,NA,NA,NA,NA,NA,NA,NA,NA,NA,NA,NA
NA,NA,NA,NA,NA,NA,NA,36,"female","2025-11-21_18h52.19.047","Category_Training_LabelWritten","2024.2.4","Win32",142.8571429,NA,NA,NA,NA,NA,NA,NA,NA,NA,NA,774.2391,"[""left""]",777.1072,1,TRUE,1,7,NA,777.1075,778.305,778.3055,780.1097,780.1097,781.1102,0,4,4,10,1,"resources/F8Fch0.png",2,NA,NA,NA,NA,NA,NA,NA,NA,NA,NA,NA,NA
NA,NA,NA,NA,NA,NA,NA,36,"female","2025-11-21_18h52.19.047","Category_Training_LabelWritten","2024.2.4","Win32",142.8571429,NA,NA,NA,NA,NA,NA,NA,NA,NA,NA,781.111,"[""right""]",785.2516,1,TRUE,1,7,NA,785.2519,786.4467,786.4478,788.2482,788.2482,789.2491,0,5,5,8,1,"resources/F8Fah0.png",2,NA,NA,NA,NA,NA,NA,NA,NA,NA,NA,NA,NA
NA,NA,NA,NA,NA,NA,NA,36,"female","2025-11-21_18h52.19.047","Category_Training_LabelWritten","2024.2.4","Win32",142.8571429,NA,NA,NA,NA,NA,NA,NA,NA,NA,NA,789.2512,"[""down""]",790.808,0,TRUE,0,7,NA,790.8085,792.0053,792.0074,793.807,793.8072,794.8057,0,6,6,0,1,"resources/F7Fah0.png",1,NA,NA,NA,NA,NA,NA,NA,NA,NA,NA,NA,NA
NA,NA,NA,NA,NA,NA,NA,36,"female","2025-11-21_18h52.19.047","Category_Training_LabelWritten","2024.2.4","Win32",142.8571429,NA,NA,NA,NA,NA,NA,NA,NA,NA,NA,794.8074,"[""up""]",796.1589,1,FALSE,0,7,NA,796.1597,797.3591,797.3606,799.1605,799.1605,800.1592,0,7,7,6,1,"resources/F7Mch0.png",1,NA,NA,NA,NA,NA,NA,NA,NA,NA,NA,NA,NA
NA,NA,NA,NA,NA,NA,NA,36,"female","2025-11-21_18h52.19.047","Category_Training_LabelWritten","2024.2.4","Win32",142.8571429,NA,NA,NA,NA,NA,NA,NA,NA,NA,NA,800.1599,"[""right""]",802.5064,1,FALSE,0,7,NA,802.5075,803.7067,803.7081,805.5082,805.5082,806.507,0,8,8,3,1,"resources/F7Fdh0.png",1,NA,NA,NA,NA,NA,NA,NA,NA,NA,NA,NA,NA
NA,NA,NA,NA,NA,NA,NA,36,"female","2025-11-21_18h52.19.047","Category_Training_LabelWritten","2024.2.4","Win32",142.8571429,NA,NA,NA,NA,NA,NA,NA,NA,NA,NA,806.5073,"[""left""]",808.9082,1,FALSE,0,7,NA,808.9097,810.1112,810.1125,811.9067,811.9069,812.9055,0,9,9,5,1,"resources/F7Mbh0.png",1,NA,NA,NA,NA,NA,NA,NA,NA,NA,NA,NA,NA
NA,NA,NA,NA,NA,NA,NA,36,"female","2025-11-21_18h52.19.047","Category_Training_LabelWritten","2024.2.4","Win32",142.8571429,NA,NA,NA,NA,NA,NA,NA,NA,NA,NA,812.9078,"[""down""]",817.0408,1,FALSE,0,7,NA,817.042,818.24,818.2403,820.0366,820.0367,821.0405,0,10,10,7,1,"resources/F7Mdh0.png",1,NA,NA,NA,NA,NA,NA,NA,NA,NA,NA,NA,NA
NA,NA,NA,NA,NA,NA,NA,36,"female","2025-11-21_18h52.19.047","Category_Training_LabelWritten","2024.2.4","Win32",142.8571429,NA,NA,NA,NA,NA,NA,NA,NA,NA,NA,821.0409,"[""right""]",822.9143,1,TRUE,1,7,NA,822.915,824.1148,824.1182,825.9125,825.9127,826.9115,0,11,11,12,1,"resources/F8Mah0.png",2,NA,NA,NA,NA,NA,NA,NA,NA,NA,NA,NA,NA
NA,NA,NA,NA,NA,NA,NA,36,"female","2025-11-21_18h52.19.047","Category_Training_LabelWritten","2024.2.4","Win32",142.8571429,NA,NA,NA,NA,NA,NA,NA,NA,NA,NA,826.9134,"[""down""]",828.5817,0,FALSE,1,7,NA,828.5819,829.7819,829.7821,831.5782,831.5782,832.5791,0,12,12,14,1,"resources/F8Mch0.png",2,NA,NA,NA,NA,NA,NA,NA,NA,NA,NA,NA,NA
NA,NA,NA,NA,NA,NA,NA,36,"female","2025-11-21_18h52.19.047","Category_Training_LabelWritten","2024.2.4","Win32",142.8571429,NA,NA,NA,NA,NA,NA,NA,NA,NA,NA,832.5815,"[""down""]",834.3367,1,TRUE,1,7,NA,834.3378,835.5356,835.5367,837.3429,837.343,838.3373,0,13,13,13,1,"resources/F8Mbh0.png",2,NA,NA,NA,NA,NA,NA,NA,NA,NA,NA,NA,NA
NA,NA,NA,NA,NA,NA,NA,36,"female","2025-11-21_18h52.19.047","Category_Training_LabelWritten","2024.2.4","Win32",142.8571429,NA,NA,NA,NA,NA,NA,NA,NA,NA,NA,838.3391,"[""down""]",839.7444,1,TRUE,1,7,NA,839.7456,840.9453,840.9465,842.7403,842.7404,843.7413,0,14,14,9,1,"resources/F8Fbh0.png",2,NA,NA,NA,NA,NA,NA,NA,NA,NA,NA,NA,NA
NA,NA,NA,NA,NA,NA,NA,36,"female","2025-11-21_18h52.19.047","Category_Training_LabelWritten","2024.2.4","Win32",142.8571429,NA,NA,NA,NA,NA,NA,NA,NA,NA,NA,843.7433,"[""up""]",845.8292,1,FALSE,0,7,NA,845.831,847.0247,847.0271,848.8309,848.831,849.8254,0,15,15,4,1,"resources/F7Mah0.png",1,NA,NA,NA,NA,NA,NA,NA,NA,NA,NA,NA,NA
NA,NA,NA,NA,NA,NA,NA,36,"female","2025-11-21_18h52.19.047","Category_Training_LabelWritten","2024.2.4","Win32",142.8571429,NA,NA,NA,NA,NA,NA,NA,NA,NA,NA,861.3661,"[""down""]",863.4688,1,FALSE,0,8,NA,863.4692,864.6694,864.6696,866.4683,866.4684,867.4671,0,0,0,2,1,"resources/F7Fch0.png",1,849.8278,855.782,0,"grecious","left",5.9451,NA,855.7825,861.3608,"space",5.5692,NA
NA,NA,NA,NA,NA,NA,NA,36,"female","2025-11-21_18h52.19.047","Category_Training_LabelWritten","2024.2.4","Win32",142.8571429,NA,NA,NA,NA,NA,NA,NA,NA,NA,NA,867.469,"[""down""]",868.9639,1,FALSE,0,8,NA,868.9653,870.1654,870.1667,871.9622,871.9623,872.9645,0,1,1,1,1,"resources/F7Fbh0.png",1,NA,NA,NA,NA,NA,NA,NA,NA,NA,NA,NA,NA
NA,NA,NA,NA,NA,NA,NA,36,"female","2025-11-21_18h52.19.047","Category_Training_LabelWritten","2024.2.4","Win32",142.8571429,NA,NA,NA,NA,NA,NA,NA,NA,NA,NA,872.9648,"[""left""]",875.1103,1,TRUE,1,8,NA,875.1116,876.3115,876.314,878.1067,878.1067,879.1055,0,2,2,15,1,"resources/F8Mdh0.png",2,NA,NA,NA,NA,NA,NA,NA,NA,NA,NA,NA,NA
NA,NA,NA,NA,NA,NA,NA,36,"female","2025-11-21_18h52.19.047","Category_Training_LabelWritten","2024.2.4","Win32",142.8571429,NA,NA,NA,NA,NA,NA,NA,NA,NA,NA,879.1059,"[""down""]",882.184,1,FALSE,0,8,NA,882.1858,883.3791,883.3795,885.1829,885.1829,886.1813,0,3,3,7,1,"resources/F7Mdh0.png",1,NA,NA,NA,NA,NA,NA,NA,NA,NA,NA,NA,NA
NA,NA,NA,NA,NA,NA,NA,36,"female","2025-11-21_18h52.19.047","Category_Training_LabelWritten","2024.2.4","Win32",142.8571429,NA,NA,NA,NA,NA,NA,NA,NA,NA,NA,886.1818,"[""right""]",888.0427,1,TRUE,1,8,NA,888.0443,889.2412,889.2425,891.0442,891.0442,892.0389,0,4,4,8,1,"resources/F8Fah0.png",2,NA,NA,NA,NA,NA,NA,NA,NA,NA,NA,NA,NA
NA,NA,NA,NA,NA,NA,NA,36,"female","2025-11-21_18h52.19.047","Category_Training_LabelWritten","2024.2.4","Win32",142.8571429,NA,NA,NA,NA,NA,NA,NA,NA,NA,NA,892.0407,"[""left""]",894.3332,1,TRUE,1,8,NA,894.3341,895.535,895.5364,897.3314,897.3316,898.3307,0,5,5,11,1,"resources/F8Fdh0.png",2,NA,NA,NA,NA,NA,NA,NA,NA,NA,NA,NA,NA
NA,NA,NA,NA,NA,NA,NA,36,"female","2025-11-21_18h52.19.047","Category_Training_LabelWritten","2024.2.4","Win32",142.8571429,NA,NA,NA,NA,NA,NA,NA,NA,NA,NA,898.3326,"[""right""]",900.0914,1,FALSE,0,8,NA,900.0925,901.2927,901.2953,903.0895,903.0896,904.0885,0,6,6,3,1,"resources/F7Fdh0.png",1,NA,NA,NA,NA,NA,NA,NA,NA,NA,NA,NA,NA
NA,NA,NA,NA,NA,NA,NA,36,"female","2025-11-21_18h52.19.047","Category_Training_LabelWritten","2024.2.4","Win32",142.8571429,NA,NA,NA,NA,NA,NA,NA,NA,NA,NA,904.0908,"[""right""]",905.892,0,FALSE,1,8,NA,905.894,907.0882,907.0888,908.8942,908.8942,909.888,0,7,7,13,1,"resources/F8Mbh0.png",2,NA,NA,NA,NA,NA,NA,NA,NA,NA,NA,NA,NA
NA,NA,NA,NA,NA,NA,NA,36,"female","2025-11-21_18h52.19.047","Category_Training_LabelWritten","2024.2.4","Win32",142.8571429,NA,NA,NA,NA,NA,NA,NA,NA,NA,NA,909.89,"[""up""]",911.5373,1,FALSE,0,8,NA,911.5376,912.7326,912.7348,914.537,914.537,915.5351,0,8,8,0,1,"resources/F7Fah0.png",1,NA,NA,NA,NA,NA,NA,NA,NA,NA,NA,NA,NA
NA,NA,NA,NA,NA,NA,NA,36,"female","2025-11-21_18h52.19.047","Category_Training_LabelWritten","2024.2.4","Win32",142.8571429,NA,NA,NA,NA,NA,NA,NA,NA,NA,NA,915.5371,"[""left""]",917.819,1,TRUE,1,8,NA,917.8206,919.0113,919.0139,920.8192,920.8192,921.8198,0,9,9,9,1,"resources/F8Fbh0.png",2,NA,NA,NA,NA,NA,NA,NA,NA,NA,NA,NA,NA
NA,NA,NA,NA,NA,NA,NA,36,"female","2025-11-21_18h52.19.047","Category_Training_LabelWritten","2024.2.4","Win32",142.8571429,NA,NA,NA,NA,NA,NA,NA,NA,NA,NA,921.8217,"[""right""]",923.6724,1,TRUE,1,8,NA,923.674,924.8725,924.8737,926.6738,926.6738,927.6733,0,10,10,14,1,"resources/F8Mch0.png",2,NA,NA,NA,NA,NA,NA,NA,NA,NA,NA,NA,NA
NA,NA,NA,NA,NA,NA,NA,36,"female","2025-11-21_18h52.19.047","Category_Training_LabelWritten","2024.2.4","Win32",142.8571429,NA,NA,NA,NA,NA,NA,NA,NA,NA,NA,927.6737,"[""right""]",929.2344,1,FALSE,0,8,NA,929.2348,930.434,930.4348,932.2328,932.233,933.232,0,11,11,6,1,"resources/F7Mch0.png",1,NA,NA,NA,NA,NA,NA,NA,NA,NA,NA,NA,NA
NA,NA,NA,NA,NA,NA,NA,36,"female","2025-11-21_18h52.19.047","Category_Training_LabelWritten","2024.2.4","Win32",142.8571429,NA,NA,NA,NA,NA,NA,NA,NA,NA,NA,933.2339,"[""down""]",936.9815,1,FALSE,0,8,NA,936.9831,938.1799,938.1801,939.9803,939.9803,940.9853,0,12,12,4,1,"resources/F7Mah0.png",1,NA,NA,NA,NA,NA,NA,NA,NA,NA,NA,NA,NA
NA,NA,NA,NA,NA,NA,NA,36,"female","2025-11-21_18h52.19.047","Category_Training_LabelWritten","2024.2.4","Win32",142.8571429,NA,NA,NA,NA,NA,NA,NA,NA,NA,NA,940.9856,"[""right""]",943.0418,1,FALSE,0,8,NA,943.0434,944.2424,944.2431,946.0435,946.0435,947.0442,0,13,13,5,1,"resources/F7Mbh0.png",1,NA,NA,NA,NA,NA,NA,NA,NA,NA,NA,NA,NA
NA,NA,NA,NA,NA,NA,NA,36,"female","2025-11-21_18h52.19.047","Category_Training_LabelWritten","2024.2.4","Win32",142.8571429,NA,NA,NA,NA,NA,NA,NA,NA,NA,NA,947.046,"[""down""]",949.5413,1,TRUE,1,8,NA,949.5423,950.735,950.7377,952.54,952.5401,953.5389,0,14,14,12,1,"resources/F8Mah0.png",2,NA,NA,NA,NA,NA,NA,NA,NA,NA,NA,NA,NA
NA,NA,NA,NA,NA,NA,NA,36,"female","2025-11-21_18h52.19.047","Category_Training_LabelWritten","2024.2.4","Win32",142.8571429,NA,NA,NA,NA,NA,NA,NA,NA,NA,NA,953.5409,"[""left""]",955.4337,1,TRUE,1,8,NA,955.4356,956.6306,956.6309,958.4347,958.4347,959.4341,0,15,15,10,1,"resources/F8Fch0.png",2,NA,NA,NA,NA,NA,NA,NA,NA,NA,NA,NA,NA
NA,NA,NA,NA,NA,NA,NA,36,"female","2025-11-21_18h52.19.047","Category_Training_LabelWritten","2024.2.4","Win32",142.8571429,NA,NA,NA,NA,NA,NA,NA,NA,NA,NA,972.2495,"[""left""]",975.3584,1,FALSE,0,9,NA,975.3586,976.5555,976.558,978.3565,978.3566,979.3579,0,0,0,1,1,"resources/F7Fbh0.png",1,959.4364,965.9263,0,"leebish","left",6.48,NA,965.9292,972.2453,"space",6.3062,NA
NA,NA,NA,NA,NA,NA,NA,36,"female","2025-11-21_18h52.19.047","Category_Training_LabelWritten","2024.2.4","Win32",142.8571429,NA,NA,NA,NA,NA,NA,NA,NA,NA,NA,979.3603,"[""right""]",981.8883,1,FALSE,0,9,NA,981.8885,983.0888,983.09,984.8847,984.8848,985.8836,0,1,1,0,1,"resources/F7Fah0.png",1,NA,NA,NA,NA,NA,NA,NA,NA,NA,NA,NA,NA
NA,NA,NA,NA,NA,NA,NA,36,"female","2025-11-21_18h52.19.047","Category_Training_LabelWritten","2024.2.4","Win32",142.8571429,NA,NA,NA,NA,NA,NA,NA,NA,NA,NA,985.8841,"[""down""]",988.1222,0,TRUE,0,9,NA,988.1225,989.3173,989.3176,991.1216,991.1216,992.1205,0,2,2,3,1,"resources/F7Fdh0.png",1,NA,NA,NA,NA,NA,NA,NA,NA,NA,NA,NA,NA
NA,NA,NA,NA,NA,NA,NA,36,"female","2025-11-21_18h52.19.047","Category_Training_LabelWritten","2024.2.4","Win32",142.8571429,NA,NA,NA,NA,NA,NA,NA,NA,NA,NA,992.1209,"[""left""]",993.6414,1,TRUE,1,9,NA,993.6426,994.8421,994.8444,996.6386,996.6386,997.6372,0,3,3,13,1,"resources/F8Mbh0.png",2,NA,NA,NA,NA,NA,NA,NA,NA,NA,NA,NA,NA
NA,NA,NA,NA,NA,NA,NA,36,"female","2025-11-21_18h52.19.047","Category_Training_LabelWritten","2024.2.4","Win32",142.8571429,NA,NA,NA,NA,NA,NA,NA,NA,NA,NA,997.6394,"[""down""]",999.3117,1,TRUE,1,9,NA,999.3129,1000.5072,1000.5076,1002.3112,1002.3112,1003.3122,0,4,4,12,1,"resources/F8Mah0.png",2,NA,NA,NA,NA,NA,NA,NA,NA,NA,NA,NA,NA
NA,NA,NA,NA,NA,NA,NA,36,"female","2025-11-21_18h52.19.047","Category_Training_LabelWritten","2024.2.4","Win32",142.8571429,NA,NA,NA,NA,NA,NA,NA,NA,NA,NA,1003.3143,"[""down""]",1004.9421,1,FALSE,0,9,NA,1004.9438,1006.1455,1006.1461,1007.9425,1007.9426,1008.9443,0,5,5,5,1,"resources/F7Mbh0.png",1,NA,NA,NA,NA,NA,NA,NA,NA,NA,NA,NA,NA
NA,NA,NA,NA,NA,NA,NA,36,"female","2025-11-21_18h52.19.047","Category_Training_LabelWritten","2024.2.4","Win32",142.8571429,NA,NA,NA,NA,NA,NA,NA,NA,NA,NA,1008.9449,"[""left""]",1010.4934,0,TRUE,0,9,NA,1010.4949,1011.6979,1011.6987,1013.4895,1013.4895,1014.4945,0,6,6,2,1,"resources/F7Fch0.png",1,NA,NA,NA,NA,NA,NA,NA,NA,NA,NA,NA,NA
NA,NA,NA,NA,NA,NA,NA,36,"female","2025-11-21_18h52.19.047","Category_Training_LabelWritten","2024.2.4","Win32",142.8571429,NA,NA,NA,NA,NA,NA,NA,NA,NA,NA,1014.4962,"[""up""]",1016.1945,1,FALSE,0,9,NA,1016.1959,1017.3949,1017.396,1019.1914,1019.1915,1020.1904,0,7,7,4,1,"resources/F7Mah0.png",1,NA,NA,NA,NA,NA,NA,NA,NA,NA,NA,NA,NA
NA,NA,NA,NA,NA,NA,NA,36,"female","2025-11-21_18h52.19.047","Category_Training_LabelWritten","2024.2.4","Win32",142.8571429,NA,NA,NA,NA,NA,NA,NA,NA,NA,NA,1020.1927,"[""down""]",1021.907,1,TRUE,1,9,NA,1021.9086,1023.1094,1023.1105,1024.9079,1024.908,1025.9066,0,8,8,10,1,"resources/F8Fch0.png",2,NA,NA,NA,NA,NA,NA,NA,NA,NA,NA,NA,NA
NA,NA,NA,NA,NA,NA,NA,36,"female","2025-11-21_18h52.19.047","Category_Training_LabelWritten","2024.2.4","Win32",142.8571429,NA,NA,NA,NA,NA,NA,NA,NA,NA,NA,1025.9084,"[""left""]",1028.4528,0,TRUE,0,9,NA,1028.4545,1029.6511,1029.6516,1031.4548,1031.4548,1032.4437,0,9,9,6,1,"resources/F7Mch0.png",1,NA,NA,NA,NA,NA,NA,NA,NA,NA,NA,NA,NA
NA,NA,NA,NA,NA,NA,NA,36,"female","2025-11-21_18h52.19.047","Category_Training_LabelWritten","2024.2.4","Win32",142.8571429,NA,NA,NA,NA,NA,NA,NA,NA,NA,NA,1032.445,"[""up""]",1034.5042,1,TRUE,1,9,NA,1034.5044,1035.7015,1035.7042,1037.4989,1037.499,1038.5048,0,10,10,14,1,"resources/F8Mch0.png",2,NA,NA,NA,NA,NA,NA,NA,NA,NA,NA,NA,NA
NA,NA,NA,NA,NA,NA,NA,36,"female","2025-11-21_18h52.19.047","Category_Training_LabelWritten","2024.2.4","Win32",142.8571429,NA,NA,NA,NA,NA,NA,NA,NA,NA,NA,1038.5065,"[""left""]",1040.0171,1,TRUE,1,9,NA,1040.0189,1041.2157,1041.216,1043.0138,1043.0138,1044.0132,0,11,11,15,1,"resources/F8Mdh0.png",2,NA,NA,NA,NA,NA,NA,NA,NA,NA,NA,NA,NA
NA,NA,NA,NA,NA,NA,NA,36,"female","2025-11-21_18h52.19.047","Category_Training_LabelWritten","2024.2.4","Win32",142.8571429,NA,NA,NA,NA,NA,NA,NA,NA,NA,NA,1044.0152,"[""down""]",1045.4404,0,FALSE,1,9,NA,1045.4408,1046.6407,1046.6409,1048.437,1048.4371,1049.4377,0,12,12,9,1,"resources/F8Fbh0.png",2,NA,NA,NA,NA,NA,NA,NA,NA,NA,NA,NA,NA
NA,NA,NA,NA,NA,NA,NA,36,"female","2025-11-21_18h52.19.047","Category_Training_LabelWritten","2024.2.4","Win32",142.8571429,NA,NA,NA,NA,NA,NA,NA,NA,NA,NA,1049.4395,"[""left""]",1052.5308,1,TRUE,1,9,NA,1052.5321,1053.7372,1053.7373,1055.5266,1055.5266,1056.5327,0,13,13,8,1,"resources/F8Fah0.png",2,NA,NA,NA,NA,NA,NA,NA,NA,NA,NA,NA,NA
NA,NA,NA,NA,NA,NA,NA,36,"female","2025-11-21_18h52.19.047","Category_Training_LabelWritten","2024.2.4","Win32",142.8571429,NA,NA,NA,NA,NA,NA,NA,NA,NA,NA,1056.5331,"[""down""]",1058.9372,1,FALSE,0,9,NA,1058.9375,1060.1335,1060.1339,1061.934,1061.9341,1062.9376,0,14,14,7,1,"resources/F7Mdh0.png",1,NA,NA,NA,NA,NA,NA,NA,NA,NA,NA,NA,NA
NA,NA,NA,NA,NA,NA,NA,36,"female","2025-11-21_18h52.19.047","Category_Training_LabelWritten","2024.2.4","Win32",142.8571429,NA,NA,NA,NA,NA,NA,NA,NA,NA,NA,1062.9399,"[""right""]",1064.7614,1,TRUE,1,9,NA,1064.7628,1065.9574,1065.9598,1067.7574,1067.7574,1068.7635,0,15,15,11,1,"resources/F8Fdh0.png",2,NA,NA,NA,NA,NA,NA,NA,NA,NA,NA,NA,NA
